sequence,quest_id,milestone,chapter,kind,title,concept,prompt,expected_output,workspace,files
1,ADA-DW-01-01,1,Create the Alire Project Correctly,Orientation,1.1 — Understand the Next Milestone,Alire workspace creation and project layout,"Read the lesson, inspect the listed files, and state what the program will be able to do after completing milestone 1: Create the Alire Project Correctly.",The current directory contains alire.toml and src/dungeon_walk.adb.,~/Documents/src/projects/ada-mastery/dungeon_walk,alire.toml; src/dungeon_walk.adb
2,ADA-DW-01-02,1,Create the Alire Project Correctly,Question,1.2 — Answer the Core Ada Question,Alire workspace creation and project layout,"What do --bin and --in-place change when you run alr init, and why do we create the directory before running the command?",The current directory contains alire.toml and src/dungeon_walk.adb.,~/Documents/src/projects/ada-mastery/dungeon_walk,alire.toml; src/dungeon_walk.adb
3,ADA-DW-01-03,1,Create the Alire Project Correctly,Build,1.3 — Build the Milestone,Alire workspace creation and project layout,Implement milestone 1: Create the Alire Project Correctly. Work only in the existing dungeon_walk crate.,The current directory contains alire.toml and src/dungeon_walk.adb.,~/Documents/src/projects/ada-mastery/dungeon_walk,alire.toml; src/dungeon_walk.adb
4,ADA-DW-01-04,1,Create the Alire Project Correctly,Predict,1.4 — Predict Before Running,Alire workspace creation and project layout,"If you run `alr init --bin dungeon_walk` while already inside an empty directory named dungeon_walk, what directory layout are you likely to create?",The current directory contains alire.toml and src/dungeon_walk.adb.,~/Documents/src/projects/ada-mastery/dungeon_walk,alire.toml; src/dungeon_walk.adb
5,ADA-DW-01-05,1,Create the Alire Project Correctly,Repair,1.5 — Repair a Focused Defect,Alire workspace creation and project layout,"The following code or command is wrong. Identify the defect, explain the likely compiler/runtime/behavioral result, and repair it.",The current directory contains alire.toml and src/dungeon_walk.adb.,~/Documents/src/projects/ada-mastery/dungeon_walk,alire.toml; src/dungeon_walk.adb
6,ADA-DW-01-06,1,Create the Alire Project Correctly,Checkpoint,1.6 — Demonstrate and Explain the Checkpoint,Alire workspace creation and project layout,"Build and demonstrate milestone 1. Then explain, without reading the source line by line, how Alire workspace creation and project layout makes the new behavior work.",The current directory contains alire.toml and src/dungeon_walk.adb.,~/Documents/src/projects/ada-mastery/dungeon_walk,alire.toml; src/dungeon_walk.adb
7,ADA-DW-02-01,2,"Build, Run, and Edit the Generated Program",Orientation,2.1 — Understand the Next Milestone,Compilation cycle and Ada procedure structure,"Read the lesson, inspect the listed files, and state what the program will be able to do after completing milestone 2: Build, Run, and Edit the Generated Program.","Dungeon Walk
You wake inside a silent ship.",~/Documents/src/projects/ada-mastery/dungeon_walk,src/dungeon_walk.adb; alire.toml
8,ADA-DW-02-02,2,"Build, Run, and Edit the Generated Program",Question,2.2 — Answer the Core Ada Question,Compilation cycle and Ada procedure structure,Why is the file named dungeon_walk.adb and the outer procedure named Dungeon_Walk?,"Dungeon Walk
You wake inside a silent ship.",~/Documents/src/projects/ada-mastery/dungeon_walk,src/dungeon_walk.adb; alire.toml
9,ADA-DW-02-03,2,"Build, Run, and Edit the Generated Program",Build,2.3 — Build the Milestone,Compilation cycle and Ada procedure structure,"Implement milestone 2: Build, Run, and Edit the Generated Program. Work only in the existing dungeon_walk crate.","Dungeon Walk
You wake inside a silent ship.",~/Documents/src/projects/ada-mastery/dungeon_walk,src/dungeon_walk.adb; alire.toml
10,ADA-DW-02-04,2,"Build, Run, and Edit the Generated Program",Predict,2.4 — Predict Before Running,Compilation cycle and Ada procedure structure,What happens if the final line says `end Other_Name;` instead of `end Dungeon_Walk;`?,"Dungeon Walk
You wake inside a silent ship.",~/Documents/src/projects/ada-mastery/dungeon_walk,src/dungeon_walk.adb; alire.toml
11,ADA-DW-02-05,2,"Build, Run, and Edit the Generated Program",Repair,2.5 — Repair a Focused Defect,Compilation cycle and Ada procedure structure,"The following code or command is wrong. Identify the defect, explain the likely compiler/runtime/behavioral result, and repair it.","Dungeon Walk
You wake inside a silent ship.",~/Documents/src/projects/ada-mastery/dungeon_walk,src/dungeon_walk.adb; alire.toml
12,ADA-DW-02-06,2,"Build, Run, and Edit the Generated Program",Checkpoint,2.6 — Demonstrate and Explain the Checkpoint,Compilation cycle and Ada procedure structure,"Build and demonstrate milestone 2. Then explain, without reading the source line by line, how Compilation cycle and Ada procedure structure makes the new behavior work.","Dungeon Walk
You wake inside a silent ship.",~/Documents/src/projects/ada-mastery/dungeon_walk,src/dungeon_walk.adb; alire.toml
13,ADA-DW-03-01,3,Import Text I/O and Read Ada Declarations,Orientation,3.1 — Understand the Next Milestone,"with clauses, use clauses, declarations, and begin/end","Read the lesson, inspect the listed files, and state what the program will be able to do after completing milestone 3: Import Text I/O and Read Ada Declarations.",The program builds both with fully qualified calls and with the use clause.,~/Documents/src/projects/ada-mastery/dungeon_walk,src/dungeon_walk.adb
14,ADA-DW-03-02,3,Import Text I/O and Read Ada Declarations,Question,3.2 — Answer the Core Ada Question,"with clauses, use clauses, declarations, and begin/end",What is the difference between `with Ada.Text_IO;` and `use Ada.Text_IO;`?,The program builds both with fully qualified calls and with the use clause.,~/Documents/src/projects/ada-mastery/dungeon_walk,src/dungeon_walk.adb
15,ADA-DW-03-03,3,Import Text I/O and Read Ada Declarations,Build,3.3 — Build the Milestone,"with clauses, use clauses, declarations, and begin/end",Implement milestone 3: Import Text I/O and Read Ada Declarations. Work only in the existing dungeon_walk crate.,The program builds both with fully qualified calls and with the use clause.,~/Documents/src/projects/ada-mastery/dungeon_walk,src/dungeon_walk.adb
16,ADA-DW-03-04,3,Import Text I/O and Read Ada Declarations,Predict,3.4 — Predict Before Running,"with clauses, use clauses, declarations, and begin/end",Can a variable declaration be placed after `begin` beside Put_Line?,The program builds both with fully qualified calls and with the use clause.,~/Documents/src/projects/ada-mastery/dungeon_walk,src/dungeon_walk.adb
17,ADA-DW-03-05,3,Import Text I/O and Read Ada Declarations,Repair,3.5 — Repair a Focused Defect,"with clauses, use clauses, declarations, and begin/end","The following code or command is wrong. Identify the defect, explain the likely compiler/runtime/behavioral result, and repair it.",The program builds both with fully qualified calls and with the use clause.,~/Documents/src/projects/ada-mastery/dungeon_walk,src/dungeon_walk.adb
18,ADA-DW-03-06,3,Import Text I/O and Read Ada Declarations,Checkpoint,3.6 — Demonstrate and Explain the Checkpoint,"with clauses, use clauses, declarations, and begin/end","Build and demonstrate milestone 3. Then explain, without reading the source line by line, how with clauses, use clauses, declarations, and begin/end makes the new behavior work.",The program builds both with fully qualified calls and with the use clause.,~/Documents/src/projects/ada-mastery/dungeon_walk,src/dungeon_walk.adb
19,ADA-DW-04-01,4,Add Screen Settings and Player State,Orientation,4.1 — Understand the Next Milestone,"constants, variables, Positive, Float, Boolean, and Character","Read the lesson, inspect the listed files, and state what the program will be able to do after completing milestone 4: Add Screen Settings and Player State.","The program still builds, and the new declarations exist before begin.",~/Documents/src/projects/ada-mastery/dungeon_walk,src/dungeon_walk.adb
20,ADA-DW-04-02,4,Add Screen Settings and Player State,Question,4.2 — Answer the Core Ada Question,"constants, variables, Positive, Float, Boolean, and Character",Why should Screen_Width be constant while Player_X remains a variable?,"The program still builds, and the new declarations exist before begin.",~/Documents/src/projects/ada-mastery/dungeon_walk,src/dungeon_walk.adb
21,ADA-DW-04-03,4,Add Screen Settings and Player State,Build,4.3 — Build the Milestone,"constants, variables, Positive, Float, Boolean, and Character",Implement milestone 4: Add Screen Settings and Player State. Work only in the existing dungeon_walk crate.,"The program still builds, and the new declarations exist before begin.",~/Documents/src/projects/ada-mastery/dungeon_walk,src/dungeon_walk.adb
22,ADA-DW-04-04,4,Add Screen Settings and Player State,Predict,4.4 — Predict Before Running,"constants, variables, Positive, Float, Boolean, and Character",Would `Screen_Width : constant Positive := 0;` compile and run successfully?,"The program still builds, and the new declarations exist before begin.",~/Documents/src/projects/ada-mastery/dungeon_walk,src/dungeon_walk.adb
23,ADA-DW-04-05,4,Add Screen Settings and Player State,Repair,4.5 — Repair a Focused Defect,"constants, variables, Positive, Float, Boolean, and Character","The following code or command is wrong. Identify the defect, explain the likely compiler/runtime/behavioral result, and repair it.","The program still builds, and the new declarations exist before begin.",~/Documents/src/projects/ada-mastery/dungeon_walk,src/dungeon_walk.adb
24,ADA-DW-04-06,4,Add Screen Settings and Player State,Checkpoint,4.6 — Demonstrate and Explain the Checkpoint,"constants, variables, Positive, Float, Boolean, and Character","Build and demonstrate milestone 4. Then explain, without reading the source line by line, how constants, variables, Positive, Float, Boolean, and Character makes the new behavior work.","The program still builds, and the new declarations exist before begin.",~/Documents/src/projects/ada-mastery/dungeon_walk,src/dungeon_walk.adb
25,ADA-DW-05-01,5,Create the Main Input Loop,Orientation,5.1 — Understand the Next Milestone,"while loops, immediate character input, and case statements","Read the lesson, inspect the listed files, and state what the program will be able to do after completing milestone 5: Create the Main Input Loop.",The program reacts to W/A/S/D and exits when Q is pressed without requiring Enter.,~/Documents/src/projects/ada-mastery/dungeon_walk,src/dungeon_walk.adb
26,ADA-DW-05-02,5,Create the Main Input Loop,Question,5.2 — Answer the Core Ada Question,"while loops, immediate character input, and case statements",Why does the case statement need `when others => null;`?,The program reacts to W/A/S/D and exits when Q is pressed without requiring Enter.,~/Documents/src/projects/ada-mastery/dungeon_walk,src/dungeon_walk.adb
27,ADA-DW-05-03,5,Create the Main Input Loop,Build,5.3 — Build the Milestone,"while loops, immediate character input, and case statements",Implement milestone 5: Create the Main Input Loop. Work only in the existing dungeon_walk crate.,The program reacts to W/A/S/D and exits when Q is pressed without requiring Enter.,~/Documents/src/projects/ada-mastery/dungeon_walk,src/dungeon_walk.adb
28,ADA-DW-05-04,5,Create the Main Input Loop,Predict,5.4 — Predict Before Running,"while loops, immediate character input, and case statements",What is the difference between assigning `Running := False` and writing `exit` in the Q branch?,The program reacts to W/A/S/D and exits when Q is pressed without requiring Enter.,~/Documents/src/projects/ada-mastery/dungeon_walk,src/dungeon_walk.adb
29,ADA-DW-05-05,5,Create the Main Input Loop,Repair,5.5 — Repair a Focused Defect,"while loops, immediate character input, and case statements","The following code or command is wrong. Identify the defect, explain the likely compiler/runtime/behavioral result, and repair it.",The program reacts to W/A/S/D and exits when Q is pressed without requiring Enter.,~/Documents/src/projects/ada-mastery/dungeon_walk,src/dungeon_walk.adb
30,ADA-DW-05-06,5,Create the Main Input Loop,Checkpoint,5.6 — Demonstrate and Explain the Checkpoint,"while loops, immediate character input, and case statements","Build and demonstrate milestone 5. Then explain, without reading the source line by line, how while loops, immediate character input, and case statements makes the new behavior work.",The program reacts to W/A/S/D and exits when Q is pressed without requiring Enter.,~/Documents/src/projects/ada-mastery/dungeon_walk,src/dungeon_walk.adb
31,ADA-DW-06-01,6,Model the Ship Map with a Subtype and Array,Orientation,6.1 — Understand the Next Milestone,"String constraints, subtypes, arrays, and multidimensional indexing","Read the lesson, inspect the listed files, and state what the program will be able to do after completing milestone 6: Model the Ship Map with a Subtype and Array.",Changing any row from 16 characters to 15 causes compilation to fail; restoring it succeeds.,~/Documents/src/projects/ada-mastery/dungeon_walk,src/dungeon_walk.adb
32,ADA-DW-06-02,6,Model the Ship Map with a Subtype and Array,Question,6.2 — Answer the Core Ada Question,"String constraints, subtypes, arrays, and multidimensional indexing",Why use `Map_Row` instead of declaring Ship_Map as a loose collection of ordinary Strings?,Changing any row from 16 characters to 15 causes compilation to fail; restoring it succeeds.,~/Documents/src/projects/ada-mastery/dungeon_walk,src/dungeon_walk.adb
33,ADA-DW-06-03,6,Model the Ship Map with a Subtype and Array,Build,6.3 — Build the Milestone,"String constraints, subtypes, arrays, and multidimensional indexing",Implement milestone 6: Model the Ship Map with a Subtype and Array. Work only in the existing dungeon_walk crate.,Changing any row from 16 characters to 15 causes compilation to fail; restoring it succeeds.,~/Documents/src/projects/ada-mastery/dungeon_walk,src/dungeon_walk.adb
34,ADA-DW-06-04,6,Model the Ship Map with a Subtype and Array,Predict,6.4 — Predict Before Running,"String constraints, subtypes, arrays, and multidimensional indexing",Which expression selects column 5 from row 3: `Ship_Map (5) (3)` or `Ship_Map (3) (5)`?,Changing any row from 16 characters to 15 causes compilation to fail; restoring it succeeds.,~/Documents/src/projects/ada-mastery/dungeon_walk,src/dungeon_walk.adb
35,ADA-DW-06-05,6,Model the Ship Map with a Subtype and Array,Repair,6.5 — Repair a Focused Defect,"String constraints, subtypes, arrays, and multidimensional indexing","The following code or command is wrong. Identify the defect, explain the likely compiler/runtime/behavioral result, and repair it.",Changing any row from 16 characters to 15 causes compilation to fail; restoring it succeeds.,~/Documents/src/projects/ada-mastery/dungeon_walk,src/dungeon_walk.adb
36,ADA-DW-06-06,6,Model the Ship Map with a Subtype and Array,Checkpoint,6.6 — Demonstrate and Explain the Checkpoint,"String constraints, subtypes, arrays, and multidimensional indexing","Build and demonstrate milestone 6. Then explain, without reading the source line by line, how String constraints, subtypes, arrays, and multidimensional indexing makes the new behavior work.",Changing any row from 16 characters to 15 causes compilation to fail; restoring it succeeds.,~/Documents/src/projects/ada-mastery/dungeon_walk,src/dungeon_walk.adb
37,ADA-DW-07-01,7,Print the Top-Down Map with a Procedure,Orientation,7.1 — Understand the Next Milestone,"procedures, for loops, array attributes, and parameters","Read the lesson, inspect the listed files, and state what the program will be able to do after completing milestone 7: Print the Top-Down Map with a Procedure.",All 16 map rows appear in the terminal before command input begins.,~/Documents/src/projects/ada-mastery/dungeon_walk,src/dungeon_walk.adb
38,ADA-DW-07-02,7,Print the Top-Down Map with a Procedure,Question,7.2 — Answer the Core Ada Question,"procedures, for loops, array attributes, and parameters",Why is `for Row in Ship_Map'Range loop` preferable to hard-coding `for Row in 1 .. 16 loop`?,All 16 map rows appear in the terminal before command input begins.,~/Documents/src/projects/ada-mastery/dungeon_walk,src/dungeon_walk.adb
39,ADA-DW-07-03,7,Print the Top-Down Map with a Procedure,Build,7.3 — Build the Milestone,"procedures, for loops, array attributes, and parameters",Implement milestone 7: Print the Top-Down Map with a Procedure. Work only in the existing dungeon_walk crate.,All 16 map rows appear in the terminal before command input begins.,~/Documents/src/projects/ada-mastery/dungeon_walk,src/dungeon_walk.adb
40,ADA-DW-07-04,7,Print the Top-Down Map with a Procedure,Predict,7.4 — Predict Before Running,"procedures, for loops, array attributes, and parameters",Does Draw_Map need Ship_Map as a parameter while it is nested inside Dungeon_Walk?,All 16 map rows appear in the terminal before command input begins.,~/Documents/src/projects/ada-mastery/dungeon_walk,src/dungeon_walk.adb
41,ADA-DW-07-05,7,Print the Top-Down Map with a Procedure,Repair,7.5 — Repair a Focused Defect,"procedures, for loops, array attributes, and parameters","The following code or command is wrong. Identify the defect, explain the likely compiler/runtime/behavioral result, and repair it.",All 16 map rows appear in the terminal before command input begins.,~/Documents/src/projects/ada-mastery/dungeon_walk,src/dungeon_walk.adb
42,ADA-DW-07-06,7,Print the Top-Down Map with a Procedure,Checkpoint,7.6 — Demonstrate and Explain the Checkpoint,"procedures, for loops, array attributes, and parameters","Build and demonstrate milestone 7. Then explain, without reading the source line by line, how procedures, for loops, array attributes, and parameters makes the new behavior work.",All 16 map rows appear in the terminal before command input begins.,~/Documents/src/projects/ada-mastery/dungeon_walk,src/dungeon_walk.adb
43,ADA-DW-08-01,8,Create an Off-Screen Character Buffer,Orientation,8.1 — Understand the Next Milestone,arrays of constrained strings and mutable aggregate state,"Read the lesson, inspect the listed files, and state what the program will be able to do after completing milestone 8: Create an Off-Screen Character Buffer.","The terminal displays exactly Screen_Height rows, each containing Screen_Width assigned characters.",~/Documents/src/projects/ada-mastery/dungeon_walk,src/dungeon_walk.adb
44,ADA-DW-08-02,8,Create an Off-Screen Character Buffer,Question,8.2 — Answer the Core Ada Question,arrays of constrained strings and mutable aggregate state,What does `Screen (Row) (Column)` mean?,"The terminal displays exactly Screen_Height rows, each containing Screen_Width assigned characters.",~/Documents/src/projects/ada-mastery/dungeon_walk,src/dungeon_walk.adb
45,ADA-DW-08-03,8,Create an Off-Screen Character Buffer,Build,8.3 — Build the Milestone,arrays of constrained strings and mutable aggregate state,Implement milestone 8: Create an Off-Screen Character Buffer. Work only in the existing dungeon_walk crate.,"The terminal displays exactly Screen_Height rows, each containing Screen_Width assigned characters.",~/Documents/src/projects/ada-mastery/dungeon_walk,src/dungeon_walk.adb
46,ADA-DW-08-04,8,Create an Off-Screen Character Buffer,Predict,8.4 — Predict Before Running,arrays of constrained strings and mutable aggregate state,Why is an uninitialized Screen unsafe to print immediately?,"The terminal displays exactly Screen_Height rows, each containing Screen_Width assigned characters.",~/Documents/src/projects/ada-mastery/dungeon_walk,src/dungeon_walk.adb
47,ADA-DW-08-05,8,Create an Off-Screen Character Buffer,Repair,8.5 — Repair a Focused Defect,arrays of constrained strings and mutable aggregate state,"The following code or command is wrong. Identify the defect, explain the likely compiler/runtime/behavioral result, and repair it.","The terminal displays exactly Screen_Height rows, each containing Screen_Width assigned characters.",~/Documents/src/projects/ada-mastery/dungeon_walk,src/dungeon_walk.adb
48,ADA-DW-08-06,8,Create an Off-Screen Character Buffer,Checkpoint,8.6 — Demonstrate and Explain the Checkpoint,arrays of constrained strings and mutable aggregate state,"Build and demonstrate milestone 8. Then explain, without reading the source line by line, how arrays of constrained strings and mutable aggregate state makes the new behavior work.","The terminal displays exactly Screen_Height rows, each containing Screen_Width assigned characters.",~/Documents/src/projects/ada-mastery/dungeon_walk,src/dungeon_walk.adb
49,ADA-DW-09-01,9,Fill Ceiling and Floor with Nested Loops,Orientation,9.1 — Understand the Next Milestone,"nested iteration, conditions, and array assignment","Read the lesson, inspect the listed files, and state what the program will be able to do after completing milestone 9: Fill Ceiling and Floor with Nested Loops.",The upper portion of the frame is blank and the lower portion is dotted.,~/Documents/src/projects/ada-mastery/dungeon_walk,src/dungeon_walk.adb
50,ADA-DW-09-02,9,Fill Ceiling and Floor with Nested Loops,Question,9.2 — Answer the Core Ada Question,"nested iteration, conditions, and array assignment",Why must Fill_Background assign every character on every frame?,The upper portion of the frame is blank and the lower portion is dotted.,~/Documents/src/projects/ada-mastery/dungeon_walk,src/dungeon_walk.adb
51,ADA-DW-09-03,9,Fill Ceiling and Floor with Nested Loops,Build,9.3 — Build the Milestone,"nested iteration, conditions, and array assignment",Implement milestone 9: Fill Ceiling and Floor with Nested Loops. Work only in the existing dungeon_walk crate.,The upper portion of the frame is blank and the lower portion is dotted.,~/Documents/src/projects/ada-mastery/dungeon_walk,src/dungeon_walk.adb
52,ADA-DW-09-04,9,Fill Ceiling and Floor with Nested Loops,Predict,9.4 — Predict Before Running,"nested iteration, conditions, and array assignment","With Screen_Height = 24, which branch handles row 12?",The upper portion of the frame is blank and the lower portion is dotted.,~/Documents/src/projects/ada-mastery/dungeon_walk,src/dungeon_walk.adb
53,ADA-DW-09-05,9,Fill Ceiling and Floor with Nested Loops,Repair,9.5 — Repair a Focused Defect,"nested iteration, conditions, and array assignment","The following code or command is wrong. Identify the defect, explain the likely compiler/runtime/behavioral result, and repair it.",The upper portion of the frame is blank and the lower portion is dotted.,~/Documents/src/projects/ada-mastery/dungeon_walk,src/dungeon_walk.adb
54,ADA-DW-09-06,9,Fill Ceiling and Floor with Nested Loops,Checkpoint,9.6 — Demonstrate and Explain the Checkpoint,"nested iteration, conditions, and array assignment","Build and demonstrate milestone 9. Then explain, without reading the source line by line, how nested iteration, conditions, and array assignment makes the new behavior work.",The upper portion of the frame is blank and the lower portion is dotted.,~/Documents/src/projects/ada-mastery/dungeon_walk,src/dungeon_walk.adb
55,ADA-DW-10-01,10,Write Is_Wall Safely,Orientation,10.1 — Understand the Next Milestone,"functions, return values, short-circuit Boolean logic, conversion, and bounds","Read the lesson, inspect the listed files, and state what the program will be able to do after completing milestone 10: Write Is_Wall Safely.","Wall coordinates return TRUE, floor coordinates return FALSE, and outside coordinates return TRUE without crashing.",~/Documents/src/projects/ada-mastery/dungeon_walk,src/dungeon_walk.adb
56,ADA-DW-10-02,10,Write Is_Wall Safely,Question,10.2 — Answer the Core Ada Question,"functions, return values, short-circuit Boolean logic, conversion, and bounds",Why does Is_Wall check bounds before evaluating Ship_Map(Map_Y)(Map_X)?,"Wall coordinates return TRUE, floor coordinates return FALSE, and outside coordinates return TRUE without crashing.",~/Documents/src/projects/ada-mastery/dungeon_walk,src/dungeon_walk.adb
57,ADA-DW-10-03,10,Write Is_Wall Safely,Build,10.3 — Build the Milestone,"functions, return values, short-circuit Boolean logic, conversion, and bounds",Implement milestone 10: Write Is_Wall Safely. Work only in the existing dungeon_walk crate.,"Wall coordinates return TRUE, floor coordinates return FALSE, and outside coordinates return TRUE without crashing.",~/Documents/src/projects/ada-mastery/dungeon_walk,src/dungeon_walk.adb
58,ADA-DW-10-04,10,Write Is_Wall Safely,Predict,10.4 — Predict Before Running,"functions, return values, short-circuit Boolean logic, conversion, and bounds",What map tile is tested for X = 2.9 and Y = 4.1?,"Wall coordinates return TRUE, floor coordinates return FALSE, and outside coordinates return TRUE without crashing.",~/Documents/src/projects/ada-mastery/dungeon_walk,src/dungeon_walk.adb
59,ADA-DW-10-05,10,Write Is_Wall Safely,Repair,10.5 — Repair a Focused Defect,"functions, return values, short-circuit Boolean logic, conversion, and bounds","The following code or command is wrong. Identify the defect, explain the likely compiler/runtime/behavioral result, and repair it.","Wall coordinates return TRUE, floor coordinates return FALSE, and outside coordinates return TRUE without crashing.",~/Documents/src/projects/ada-mastery/dungeon_walk,src/dungeon_walk.adb
60,ADA-DW-10-06,10,Write Is_Wall Safely,Checkpoint,10.6 — Demonstrate and Explain the Checkpoint,"functions, return values, short-circuit Boolean logic, conversion, and bounds","Build and demonstrate milestone 10. Then explain, without reading the source line by line, how functions, return values, short-circuit Boolean logic, conversion, and bounds makes the new behavior work.","Wall coordinates return TRUE, floor coordinates return FALSE, and outside coordinates return TRUE without crashing.",~/Documents/src/projects/ada-mastery/dungeon_walk,src/dungeon_walk.adb
61,ADA-DW-11-01,11,Use Floating-Point Player Coordinates,Orientation,11.1 — Understand the Next Milestone,"Float state, assignments, and tile versus world coordinates","Read the lesson, inspect the listed files, and state what the program will be able to do after completing milestone 11: Use Floating-Point Player Coordinates.",Repeated W input shows fractional positions changing by approximately 0.35.,~/Documents/src/projects/ada-mastery/dungeon_walk,src/dungeon_walk.adb
62,ADA-DW-11-02,11,Use Floating-Point Player Coordinates,Question,11.2 — Answer the Core Ada Question,"Float state, assignments, and tile versus world coordinates",Why are Player_X and Player_Y Float instead of Integer?,Repeated W input shows fractional positions changing by approximately 0.35.,~/Documents/src/projects/ada-mastery/dungeon_walk,src/dungeon_walk.adb
63,ADA-DW-11-03,11,Use Floating-Point Player Coordinates,Build,11.3 — Build the Milestone,"Float state, assignments, and tile versus world coordinates",Implement milestone 11: Use Floating-Point Player Coordinates. Work only in the existing dungeon_walk crate.,Repeated W input shows fractional positions changing by approximately 0.35.,~/Documents/src/projects/ada-mastery/dungeon_walk,src/dungeon_walk.adb
64,ADA-DW-11-04,11,Use Floating-Point Player Coordinates,Predict,11.4 — Predict Before Running,"Float state, assignments, and tile versus world coordinates","After starting at 2.5 and adding Move_Speed 0.35 twice, what is Player_X mathematically?",Repeated W input shows fractional positions changing by approximately 0.35.,~/Documents/src/projects/ada-mastery/dungeon_walk,src/dungeon_walk.adb
65,ADA-DW-11-05,11,Use Floating-Point Player Coordinates,Repair,11.5 — Repair a Focused Defect,"Float state, assignments, and tile versus world coordinates","The following code or command is wrong. Identify the defect, explain the likely compiler/runtime/behavioral result, and repair it.",Repeated W input shows fractional positions changing by approximately 0.35.,~/Documents/src/projects/ada-mastery/dungeon_walk,src/dungeon_walk.adb
66,ADA-DW-11-06,11,Use Floating-Point Player Coordinates,Checkpoint,11.6 — Demonstrate and Explain the Checkpoint,"Float state, assignments, and tile versus world coordinates","Build and demonstrate milestone 11. Then explain, without reading the source line by line, how Float state, assignments, and tile versus world coordinates makes the new behavior work.",Repeated W input shows fractional positions changing by approximately 0.35.,~/Documents/src/projects/ada-mastery/dungeon_walk,src/dungeon_walk.adb
67,ADA-DW-12-01,12,Turn with Radians and Compute Direction,Orientation,12.1 — Understand the Next Milestone,"Ada.Numerics, elementary functions, radians, Sin, and Cos","Read the lesson, inspect the listed files, and state what the program will be able to do after completing milestone 12: Turn with Radians and Compute Direction.",A and D update the direction components smoothly and in opposite directions.,~/Documents/src/projects/ada-mastery/dungeon_walk,src/dungeon_walk.adb
68,ADA-DW-12-02,12,Turn with Radians and Compute Direction,Question,12.2 — Answer the Core Ada Question,"Ada.Numerics, elementary functions, radians, Sin, and Cos","At Player_Angle = 0.0, what are the approximate X and Y direction components?",A and D update the direction components smoothly and in opposite directions.,~/Documents/src/projects/ada-mastery/dungeon_walk,src/dungeon_walk.adb
69,ADA-DW-12-03,12,Turn with Radians and Compute Direction,Build,12.3 — Build the Milestone,"Ada.Numerics, elementary functions, radians, Sin, and Cos",Implement milestone 12: Turn with Radians and Compute Direction. Work only in the existing dungeon_walk crate.,A and D update the direction components smoothly and in opposite directions.,~/Documents/src/projects/ada-mastery/dungeon_walk,src/dungeon_walk.adb
70,ADA-DW-12-04,12,Turn with Radians and Compute Direction,Predict,12.4 — Predict Before Running,"Ada.Numerics, elementary functions, radians, Sin, and Cos",Approximately what direction is represented by Ada.Numerics.Pi / 2.0?,A and D update the direction components smoothly and in opposite directions.,~/Documents/src/projects/ada-mastery/dungeon_walk,src/dungeon_walk.adb
71,ADA-DW-12-05,12,Turn with Radians and Compute Direction,Repair,12.5 — Repair a Focused Defect,"Ada.Numerics, elementary functions, radians, Sin, and Cos","The following code or command is wrong. Identify the defect, explain the likely compiler/runtime/behavioral result, and repair it.",A and D update the direction components smoothly and in opposite directions.,~/Documents/src/projects/ada-mastery/dungeon_walk,src/dungeon_walk.adb
72,ADA-DW-12-06,12,Turn with Radians and Compute Direction,Checkpoint,12.6 — Demonstrate and Explain the Checkpoint,"Ada.Numerics, elementary functions, radians, Sin, and Cos","Build and demonstrate milestone 12. Then explain, without reading the source line by line, how Ada.Numerics, elementary functions, radians, Sin, and Cos makes the new behavior work.",A and D update the direction components smoothly and in opposite directions.,~/Documents/src/projects/ada-mastery/dungeon_walk,src/dungeon_walk.adb
73,ADA-DW-13-01,13,"Move Forward, Backward, and Slide Along Walls",Orientation,13.1 — Understand the Next Milestone,"procedure parameters, local constants, collision checks, and state mutation","Read the lesson, inspect the listed files, and state what the program will be able to do after completing milestone 13: Move Forward, Backward, and Slide Along Walls.","W and S move smoothly, the player cannot cross '#', and movement can slide along an open axis.",~/Documents/src/projects/ada-mastery/dungeon_walk,src/dungeon_walk.adb
74,ADA-DW-13-02,13,"Move Forward, Backward, and Slide Along Walls",Question,13.2 — Answer the Core Ada Question,"procedure parameters, local constants, collision checks, and state mutation","Why does Attempt_Move test `(New_X, Player_Y)` separately from `(Player_X, New_Y)`?","W and S move smoothly, the player cannot cross '#', and movement can slide along an open axis.",~/Documents/src/projects/ada-mastery/dungeon_walk,src/dungeon_walk.adb
75,ADA-DW-13-03,13,"Move Forward, Backward, and Slide Along Walls",Build,13.3 — Build the Milestone,"procedure parameters, local constants, collision checks, and state mutation","Implement milestone 13: Move Forward, Backward, and Slide Along Walls. Work only in the existing dungeon_walk crate.","W and S move smoothly, the player cannot cross '#', and movement can slide along an open axis.",~/Documents/src/projects/ada-mastery/dungeon_walk,src/dungeon_walk.adb
76,ADA-DW-13-04,13,"Move Forward, Backward, and Slide Along Walls",Predict,13.4 — Predict Before Running,"procedure parameters, local constants, collision checks, and state mutation",What changes when Attempt_Move receives -1.0?,"W and S move smoothly, the player cannot cross '#', and movement can slide along an open axis.",~/Documents/src/projects/ada-mastery/dungeon_walk,src/dungeon_walk.adb
77,ADA-DW-13-05,13,"Move Forward, Backward, and Slide Along Walls",Repair,13.5 — Repair a Focused Defect,"procedure parameters, local constants, collision checks, and state mutation","The following code or command is wrong. Identify the defect, explain the likely compiler/runtime/behavioral result, and repair it.","W and S move smoothly, the player cannot cross '#', and movement can slide along an open axis.",~/Documents/src/projects/ada-mastery/dungeon_walk,src/dungeon_walk.adb
78,ADA-DW-13-06,13,"Move Forward, Backward, and Slide Along Walls",Checkpoint,13.6 — Demonstrate and Explain the Checkpoint,"procedure parameters, local constants, collision checks, and state mutation","Build and demonstrate milestone 13. Then explain, without reading the source line by line, how procedure parameters, local constants, collision checks, and state mutation makes the new behavior work.","W and S move smoothly, the player cannot cross '#', and movement can slide along an open axis.",~/Documents/src/projects/ada-mastery/dungeon_walk,src/dungeon_walk.adb
79,ADA-DW-14-01,14,Choose a Directional Minimap Symbol,Orientation,14.1 — Understand the Next Milestone,"functions without parameters, local constants, abs, nested conditions","Read the lesson, inspect the listed files, and state what the program will be able to do after completing milestone 14: Choose a Directional Minimap Symbol.",Turning through a full circle eventually produces all four arrow symbols.,~/Documents/src/projects/ada-mastery/dungeon_walk,src/dungeon_walk.adb
80,ADA-DW-14-02,14,Choose a Directional Minimap Symbol,Question,14.2 — Answer the Core Ada Question,"functions without parameters, local constants, abs, nested conditions",Why compare `abs Horizontal` with `abs Vertical` before checking their signs?,Turning through a full circle eventually produces all four arrow symbols.,~/Documents/src/projects/ada-mastery/dungeon_walk,src/dungeon_walk.adb
81,ADA-DW-14-03,14,Choose a Directional Minimap Symbol,Build,14.3 — Build the Milestone,"functions without parameters, local constants, abs, nested conditions",Implement milestone 14: Choose a Directional Minimap Symbol. Work only in the existing dungeon_walk crate.,Turning through a full circle eventually produces all four arrow symbols.,~/Documents/src/projects/ada-mastery/dungeon_walk,src/dungeon_walk.adb
82,ADA-DW-14-04,14,Choose a Directional Minimap Symbol,Predict,14.4 — Predict Before Running,"functions without parameters, local constants, abs, nested conditions",What symbol is returned near angle 0.0?,Turning through a full circle eventually produces all four arrow symbols.,~/Documents/src/projects/ada-mastery/dungeon_walk,src/dungeon_walk.adb
83,ADA-DW-14-05,14,Choose a Directional Minimap Symbol,Repair,14.5 — Repair a Focused Defect,"functions without parameters, local constants, abs, nested conditions","The following code or command is wrong. Identify the defect, explain the likely compiler/runtime/behavioral result, and repair it.",Turning through a full circle eventually produces all four arrow symbols.,~/Documents/src/projects/ada-mastery/dungeon_walk,src/dungeon_walk.adb
84,ADA-DW-14-06,14,Choose a Directional Minimap Symbol,Checkpoint,14.6 — Demonstrate and Explain the Checkpoint,"functions without parameters, local constants, abs, nested conditions","Build and demonstrate milestone 14. Then explain, without reading the source line by line, how functions without parameters, local constants, abs, nested conditions makes the new behavior work.",Turning through a full circle eventually produces all four arrow symbols.,~/Documents/src/projects/ada-mastery/dungeon_walk,src/dungeon_walk.adb
85,ADA-DW-15-01,15,Draw the Map into the Screen Buffer,Orientation,15.1 — Understand the Next Milestone,"coordinate translation, nested loops, overlays, and constant local indexes","Read the lesson, inspect the listed files, and state what the program will be able to do after completing milestone 15: Draw the Map into the Screen Buffer.",A 16 by 16 minimap appears near the right edge with an arrow at the player's tile.,~/Documents/src/projects/ada-mastery/dungeon_walk,src/dungeon_walk.adb
86,ADA-DW-15-02,15,Draw the Map into the Screen Buffer,Question,15.2 — Answer the Core Ada Question,"coordinate translation, nested loops, overlays, and constant local indexes",Why are Player_Map_X and Player_Map_Y calculated with Float'Floor?,A 16 by 16 minimap appears near the right edge with an arrow at the player's tile.,~/Documents/src/projects/ada-mastery/dungeon_walk,src/dungeon_walk.adb
87,ADA-DW-15-03,15,Draw the Map into the Screen Buffer,Build,15.3 — Build the Milestone,"coordinate translation, nested loops, overlays, and constant local indexes",Implement milestone 15: Draw the Map into the Screen Buffer. Work only in the existing dungeon_walk crate.,A 16 by 16 minimap appears near the right edge with an arrow at the player's tile.,~/Documents/src/projects/ada-mastery/dungeon_walk,src/dungeon_walk.adb
88,ADA-DW-15-04,15,Draw the Map into the Screen Buffer,Predict,15.4 — Predict Before Running,"coordinate translation, nested loops, overlays, and constant local indexes","With Screen_Width 80 and Map_Width 16, what is Start_Column?",A 16 by 16 minimap appears near the right edge with an arrow at the player's tile.,~/Documents/src/projects/ada-mastery/dungeon_walk,src/dungeon_walk.adb
89,ADA-DW-15-05,15,Draw the Map into the Screen Buffer,Repair,15.5 — Repair a Focused Defect,"coordinate translation, nested loops, overlays, and constant local indexes","The following code or command is wrong. Identify the defect, explain the likely compiler/runtime/behavioral result, and repair it.",A 16 by 16 minimap appears near the right edge with an arrow at the player's tile.,~/Documents/src/projects/ada-mastery/dungeon_walk,src/dungeon_walk.adb
90,ADA-DW-15-06,15,Draw the Map into the Screen Buffer,Checkpoint,15.6 — Demonstrate and Explain the Checkpoint,"coordinate translation, nested loops, overlays, and constant local indexes","Build and demonstrate milestone 15. Then explain, without reading the source line by line, how coordinate translation, nested loops, overlays, and constant local indexes makes the new behavior work.",A 16 by 16 minimap appears near the right edge with an arrow at the player's tile.,~/Documents/src/projects/ada-mastery/dungeon_walk,src/dungeon_walk.adb
91,ADA-DW-16-01,16,Cast One Ray Until It Reaches a Wall,Orientation,16.1 — Understand the Next Milestone,"incremental search loops, direction vectors, and exit conditions","Read the lesson, inspect the listed files, and state what the program will be able to do after completing milestone 16: Cast One Ray Until It Reaches a Wall.",The reported distance changes as the player turns or moves.,~/Documents/src/projects/ada-mastery/dungeon_walk,src/dungeon_walk.adb
92,ADA-DW-16-02,16,Cast One Ray Until It Reaches a Wall,Question,16.2 — Answer the Core Ada Question,"incremental search loops, direction vectors, and exit conditions",What tradeoff does Ray_Step control?,The reported distance changes as the player turns or moves.,~/Documents/src/projects/ada-mastery/dungeon_walk,src/dungeon_walk.adb
93,ADA-DW-16-03,16,Cast One Ray Until It Reaches a Wall,Build,16.3 — Build the Milestone,"incremental search loops, direction vectors, and exit conditions",Implement milestone 16: Cast One Ray Until It Reaches a Wall. Work only in the existing dungeon_walk crate.,The reported distance changes as the player turns or moves.,~/Documents/src/projects/ada-mastery/dungeon_walk,src/dungeon_walk.adb
94,ADA-DW-16-04,16,Cast One Ray Until It Reaches a Wall,Predict,16.4 — Predict Before Running,"incremental search loops, direction vectors, and exit conditions","If Ray_Step is 0.05, approximately how many iterations are needed to reach distance 5.0?",The reported distance changes as the player turns or moves.,~/Documents/src/projects/ada-mastery/dungeon_walk,src/dungeon_walk.adb
95,ADA-DW-16-05,16,Cast One Ray Until It Reaches a Wall,Repair,16.5 — Repair a Focused Defect,"incremental search loops, direction vectors, and exit conditions","The following code or command is wrong. Identify the defect, explain the likely compiler/runtime/behavioral result, and repair it.",The reported distance changes as the player turns or moves.,~/Documents/src/projects/ada-mastery/dungeon_walk,src/dungeon_walk.adb
96,ADA-DW-16-06,16,Cast One Ray Until It Reaches a Wall,Checkpoint,16.6 — Demonstrate and Explain the Checkpoint,"incremental search loops, direction vectors, and exit conditions","Build and demonstrate milestone 16. Then explain, without reading the source line by line, how incremental search loops, direction vectors, and exit conditions makes the new behavior work.",The reported distance changes as the player turns or moves.,~/Documents/src/projects/ada-mastery/dungeon_walk,src/dungeon_walk.adb
97,ADA-DW-17-01,17,Cast a Different Ray for Every Screen Column,Orientation,17.1 — Understand the Next Milestone,"linear interpolation, field of view, loop indexes, and Float conversion","Read the lesson, inspect the listed files, and state what the program will be able to do after completing milestone 17: Cast a Different Ray for Every Screen Column.",The program computes 80 wall distances spanning a 60-degree field of view.,~/Documents/src/projects/ada-mastery/dungeon_walk,src/dungeon_walk.adb
98,ADA-DW-17-02,17,Cast a Different Ray for Every Screen Column,Question,17.2 — Answer the Core Ada Question,"linear interpolation, field of view, loop indexes, and Float conversion",Why convert Column and Screen_Width to Float in the ray-angle expression?,The program computes 80 wall distances spanning a 60-degree field of view.,~/Documents/src/projects/ada-mastery/dungeon_walk,src/dungeon_walk.adb
99,ADA-DW-17-03,17,Cast a Different Ray for Every Screen Column,Build,17.3 — Build the Milestone,"linear interpolation, field of view, loop indexes, and Float conversion",Implement milestone 17: Cast a Different Ray for Every Screen Column. Work only in the existing dungeon_walk crate.,The program computes 80 wall distances spanning a 60-degree field of view.,~/Documents/src/projects/ada-mastery/dungeon_walk,src/dungeon_walk.adb
100,ADA-DW-17-04,17,Cast a Different Ray for Every Screen Column,Predict,17.4 — Predict Before Running,"linear interpolation, field of view, loop indexes, and Float conversion",What ray angle is used by the leftmost column?,The program computes 80 wall distances spanning a 60-degree field of view.,~/Documents/src/projects/ada-mastery/dungeon_walk,src/dungeon_walk.adb
101,ADA-DW-17-05,17,Cast a Different Ray for Every Screen Column,Repair,17.5 — Repair a Focused Defect,"linear interpolation, field of view, loop indexes, and Float conversion","The following code or command is wrong. Identify the defect, explain the likely compiler/runtime/behavioral result, and repair it.",The program computes 80 wall distances spanning a 60-degree field of view.,~/Documents/src/projects/ada-mastery/dungeon_walk,src/dungeon_walk.adb
102,ADA-DW-17-06,17,Cast a Different Ray for Every Screen Column,Checkpoint,17.6 — Demonstrate and Explain the Checkpoint,"linear interpolation, field of view, loop indexes, and Float conversion","Build and demonstrate milestone 17. Then explain, without reading the source line by line, how linear interpolation, field of view, loop indexes, and Float conversion makes the new behavior work.",The program computes 80 wall distances spanning a 60-degree field of view.,~/Documents/src/projects/ada-mastery/dungeon_walk,src/dungeon_walk.adb
103,ADA-DW-18-01,18,Project Wall Distance into Vertical Slices,Orientation,18.1 — Understand the Next Milestone,"perspective projection, numeric conversion, clamping, and ranges","Read the lesson, inspect the listed files, and state what the program will be able to do after completing milestone 18: Project Wall Distance into Vertical Slices.",Vertical wall slices now form a recognizable first-person corridor.,~/Documents/src/projects/ada-mastery/dungeon_walk,src/dungeon_walk.adb
104,ADA-DW-18-02,18,Project Wall Distance into Vertical Slices,Question,18.2 — Answer the Core Ada Question,"perspective projection, numeric conversion, clamping, and ranges",Why does a smaller distance produce a taller wall slice?,Vertical wall slices now form a recognizable first-person corridor.,~/Documents/src/projects/ada-mastery/dungeon_walk,src/dungeon_walk.adb
105,ADA-DW-18-03,18,Project Wall Distance into Vertical Slices,Build,18.3 — Build the Milestone,"perspective projection, numeric conversion, clamping, and ranges",Implement milestone 18: Project Wall Distance into Vertical Slices. Work only in the existing dungeon_walk crate.,Vertical wall slices now form a recognizable first-person corridor.,~/Documents/src/projects/ada-mastery/dungeon_walk,src/dungeon_walk.adb
106,ADA-DW-18-04,18,Project Wall Distance into Vertical Slices,Predict,18.4 — Predict Before Running,"perspective projection, numeric conversion, clamping, and ranges",Which wall appears taller: one at distance 2.0 or one at distance 8.0?,Vertical wall slices now form a recognizable first-person corridor.,~/Documents/src/projects/ada-mastery/dungeon_walk,src/dungeon_walk.adb
107,ADA-DW-18-05,18,Project Wall Distance into Vertical Slices,Repair,18.5 — Repair a Focused Defect,"perspective projection, numeric conversion, clamping, and ranges","The following code or command is wrong. Identify the defect, explain the likely compiler/runtime/behavioral result, and repair it.",Vertical wall slices now form a recognizable first-person corridor.,~/Documents/src/projects/ada-mastery/dungeon_walk,src/dungeon_walk.adb
108,ADA-DW-18-06,18,Project Wall Distance into Vertical Slices,Checkpoint,18.6 — Demonstrate and Explain the Checkpoint,"perspective projection, numeric conversion, clamping, and ranges","Build and demonstrate milestone 18. Then explain, without reading the source line by line, how perspective projection, numeric conversion, clamping, and ranges makes the new behavior work.",Vertical wall slices now form a recognizable first-person corridor.,~/Documents/src/projects/ada-mastery/dungeon_walk,src/dungeon_walk.adb
109,ADA-DW-19-01,19,Shade Walls and Correct Fish-Eye Distortion,Orientation,19.1 — Understand the Next Milestone,piecewise functions and perpendicular-distance correction,"Read the lesson, inspect the listed files, and state what the program will be able to do after completing milestone 19: Shade Walls and Correct Fish-Eye Distortion.","Nearby walls use heavy symbols, distant walls use lighter symbols, and flat walls no longer bow outward.",~/Documents/src/projects/ada-mastery/dungeon_walk,src/dungeon_walk.adb
110,ADA-DW-19-02,19,Shade Walls and Correct Fish-Eye Distortion,Question,19.2 — Answer the Core Ada Question,piecewise functions and perpendicular-distance correction,Why is raw Distance_To_Wall not used directly for wall height?,"Nearby walls use heavy symbols, distant walls use lighter symbols, and flat walls no longer bow outward.",~/Documents/src/projects/ada-mastery/dungeon_walk,src/dungeon_walk.adb
111,ADA-DW-19-03,19,Shade Walls and Correct Fish-Eye Distortion,Build,19.3 — Build the Milestone,piecewise functions and perpendicular-distance correction,Implement milestone 19: Shade Walls and Correct Fish-Eye Distortion. Work only in the existing dungeon_walk crate.,"Nearby walls use heavy symbols, distant walls use lighter symbols, and flat walls no longer bow outward.",~/Documents/src/projects/ada-mastery/dungeon_walk,src/dungeon_walk.adb
112,ADA-DW-19-04,19,Shade Walls and Correct Fish-Eye Distortion,Predict,19.4 — Predict Before Running,piecewise functions and perpendicular-distance correction,"At the center column, what is approximately `Cos(Ray_Angle - Player_Angle)`?","Nearby walls use heavy symbols, distant walls use lighter symbols, and flat walls no longer bow outward.",~/Documents/src/projects/ada-mastery/dungeon_walk,src/dungeon_walk.adb
113,ADA-DW-19-05,19,Shade Walls and Correct Fish-Eye Distortion,Repair,19.5 — Repair a Focused Defect,piecewise functions and perpendicular-distance correction,"The following code or command is wrong. Identify the defect, explain the likely compiler/runtime/behavioral result, and repair it.","Nearby walls use heavy symbols, distant walls use lighter symbols, and flat walls no longer bow outward.",~/Documents/src/projects/ada-mastery/dungeon_walk,src/dungeon_walk.adb
114,ADA-DW-19-06,19,Shade Walls and Correct Fish-Eye Distortion,Checkpoint,19.6 — Demonstrate and Explain the Checkpoint,piecewise functions and perpendicular-distance correction,"Build and demonstrate milestone 19. Then explain, without reading the source line by line, how piecewise functions and perpendicular-distance correction makes the new behavior work.","Nearby walls use heavy symbols, distant walls use lighter symbols, and flat walls no longer bow outward.",~/Documents/src/projects/ada-mastery/dungeon_walk,src/dungeon_walk.adb
115,ADA-DW-20-01,20,Assemble the Render Pipeline,Orientation,20.1 — Understand the Next Milestone,"procedure composition, deterministic ordering, and status overlays","Read the lesson, inspect the listed files, and state what the program will be able to do after completing milestone 20: Assemble the Render Pipeline.","Each key press redraws one complete frame containing background, walls, minimap, and controls.",~/Documents/src/projects/ada-mastery/dungeon_walk,src/dungeon_walk.adb
116,ADA-DW-20-02,20,Assemble the Render Pipeline,Question,20.2 — Answer the Core Ada Question,"procedure composition, deterministic ordering, and status overlays",What visual bug occurs if Fill_Background runs after Cast_Rays?,"Each key press redraws one complete frame containing background, walls, minimap, and controls.",~/Documents/src/projects/ada-mastery/dungeon_walk,src/dungeon_walk.adb
117,ADA-DW-20-03,20,Assemble the Render Pipeline,Build,20.3 — Build the Milestone,"procedure composition, deterministic ordering, and status overlays",Implement milestone 20: Assemble the Render Pipeline. Work only in the existing dungeon_walk crate.,"Each key press redraws one complete frame containing background, walls, minimap, and controls.",~/Documents/src/projects/ada-mastery/dungeon_walk,src/dungeon_walk.adb
118,ADA-DW-20-04,20,Assemble the Render Pipeline,Predict,20.4 — Predict Before Running,"procedure composition, deterministic ordering, and status overlays",Why print the Screen only after every drawing procedure finishes?,"Each key press redraws one complete frame containing background, walls, minimap, and controls.",~/Documents/src/projects/ada-mastery/dungeon_walk,src/dungeon_walk.adb
119,ADA-DW-20-05,20,Assemble the Render Pipeline,Repair,20.5 — Repair a Focused Defect,"procedure composition, deterministic ordering, and status overlays","The following code or command is wrong. Identify the defect, explain the likely compiler/runtime/behavioral result, and repair it.","Each key press redraws one complete frame containing background, walls, minimap, and controls.",~/Documents/src/projects/ada-mastery/dungeon_walk,src/dungeon_walk.adb
120,ADA-DW-20-06,20,Assemble the Render Pipeline,Checkpoint,20.6 — Demonstrate and Explain the Checkpoint,"procedure composition, deterministic ordering, and status overlays","Build and demonstrate milestone 20. Then explain, without reading the source line by line, how procedure composition, deterministic ordering, and status overlays makes the new behavior work.","Each key press redraws one complete frame containing background, walls, minimap, and controls.",~/Documents/src/projects/ada-mastery/dungeon_walk,src/dungeon_walk.adb
121,ADA-DW-21-01,21,Complete and Verify the Monolithic Ray-Caster,Orientation,21.1 — Understand the Next Milestone,"integration, behavior verification, and controlled shutdown","Read the lesson, inspect the listed files, and state what the program will be able to do after completing milestone 21: Complete and Verify the Monolithic Ray-Caster.","The terminal displays a playable first-person map; W/S move, A/D turn, Q exits, and walls block movement.",~/Documents/src/projects/ada-mastery/dungeon_walk,src/dungeon_walk.adb; docs/reference/dungeon_walk/dungeon_walk_final.adb
122,ADA-DW-21-02,21,Complete and Verify the Monolithic Ray-Caster,Question,21.2 — Answer the Core Ada Question,"integration, behavior verification, and controlled shutdown",Why does the main loop render before calling Get_Immediate?,"The terminal displays a playable first-person map; W/S move, A/D turn, Q exits, and walls block movement.",~/Documents/src/projects/ada-mastery/dungeon_walk,src/dungeon_walk.adb; docs/reference/dungeon_walk/dungeon_walk_final.adb
123,ADA-DW-21-03,21,Complete and Verify the Monolithic Ray-Caster,Build,21.3 — Build the Milestone,"integration, behavior verification, and controlled shutdown",Implement milestone 21: Complete and Verify the Monolithic Ray-Caster. Work only in the existing dungeon_walk crate.,"The terminal displays a playable first-person map; W/S move, A/D turn, Q exits, and walls block movement.",~/Documents/src/projects/ada-mastery/dungeon_walk,src/dungeon_walk.adb; docs/reference/dungeon_walk/dungeon_walk_final.adb
124,ADA-DW-21-04,21,Complete and Verify the Monolithic Ray-Caster,Predict,21.4 — Predict Before Running,"integration, behavior verification, and controlled shutdown",What happens if Running is initialized to False?,"The terminal displays a playable first-person map; W/S move, A/D turn, Q exits, and walls block movement.",~/Documents/src/projects/ada-mastery/dungeon_walk,src/dungeon_walk.adb; docs/reference/dungeon_walk/dungeon_walk_final.adb
125,ADA-DW-21-05,21,Complete and Verify the Monolithic Ray-Caster,Repair,21.5 — Repair a Focused Defect,"integration, behavior verification, and controlled shutdown","The following code or command is wrong. Identify the defect, explain the likely compiler/runtime/behavioral result, and repair it.","The terminal displays a playable first-person map; W/S move, A/D turn, Q exits, and walls block movement.",~/Documents/src/projects/ada-mastery/dungeon_walk,src/dungeon_walk.adb; docs/reference/dungeon_walk/dungeon_walk_final.adb
126,ADA-DW-21-06,21,Complete and Verify the Monolithic Ray-Caster,Checkpoint,21.6 — Demonstrate and Explain the Checkpoint,"integration, behavior verification, and controlled shutdown","Build and demonstrate milestone 21. Then explain, without reading the source line by line, how integration, behavior verification, and controlled shutdown makes the new behavior work.","The terminal displays a playable first-person map; W/S move, A/D turn, Q exits, and walls block movement.",~/Documents/src/projects/ada-mastery/dungeon_walk,src/dungeon_walk.adb; docs/reference/dungeon_walk/dungeon_walk_final.adb
127,ADA-DW-22-01,22,Refactor the Working Program into Introductory Packages,Orientation,22.1 — Understand the Next Milestone,"package specifications, package bodies, encapsulation, and dependency boundaries","Read the lesson, inspect the listed files, and state what the program will be able to do after completing milestone 22: Refactor the Working Program into Introductory Packages.","The refactored project behaves identically, and dungeon_walk.adb becomes a short orchestration procedure.",~/Documents/src/projects/ada-mastery/dungeon_walk,src/dungeon_maps.ads; src/dungeon_maps.adb; src/dungeon_player.ads; src/dungeon_player.adb; src/dungeon_renderer.ads; src/dungeon_renderer.adb; src/dungeon_walk.adb
128,ADA-DW-22-02,22,Refactor the Working Program into Introductory Packages,Question,22.2 — Answer the Core Ada Question,"package specifications, package bodies, encapsulation, and dependency boundaries",Which declarations should remain private to Dungeon_Renderer rather than appear in its specification?,"The refactored project behaves identically, and dungeon_walk.adb becomes a short orchestration procedure.",~/Documents/src/projects/ada-mastery/dungeon_walk,src/dungeon_maps.ads; src/dungeon_maps.adb; src/dungeon_player.ads; src/dungeon_player.adb; src/dungeon_renderer.ads; src/dungeon_renderer.adb; src/dungeon_walk.adb
129,ADA-DW-22-03,22,Refactor the Working Program into Introductory Packages,Build,22.3 — Build the Milestone,"package specifications, package bodies, encapsulation, and dependency boundaries",Implement milestone 22: Refactor the Working Program into Introductory Packages. Work only in the existing dungeon_walk crate.,"The refactored project behaves identically, and dungeon_walk.adb becomes a short orchestration procedure.",~/Documents/src/projects/ada-mastery/dungeon_walk,src/dungeon_maps.ads; src/dungeon_maps.adb; src/dungeon_player.ads; src/dungeon_player.adb; src/dungeon_renderer.ads; src/dungeon_renderer.adb; src/dungeon_walk.adb
130,ADA-DW-22-04,22,Refactor the Working Program into Introductory Packages,Predict,22.4 — Predict Before Running,"package specifications, package bodies, encapsulation, and dependency boundaries","If Ship_Map is declared only in Dungeon_Maps' body, can Dungeon_Renderer index it directly?","The refactored project behaves identically, and dungeon_walk.adb becomes a short orchestration procedure.",~/Documents/src/projects/ada-mastery/dungeon_walk,src/dungeon_maps.ads; src/dungeon_maps.adb; src/dungeon_player.ads; src/dungeon_player.adb; src/dungeon_renderer.ads; src/dungeon_renderer.adb; src/dungeon_walk.adb
131,ADA-DW-22-05,22,Refactor the Working Program into Introductory Packages,Repair,22.5 — Repair a Focused Defect,"package specifications, package bodies, encapsulation, and dependency boundaries","The following code or command is wrong. Identify the defect, explain the likely compiler/runtime/behavioral result, and repair it.","The refactored project behaves identically, and dungeon_walk.adb becomes a short orchestration procedure.",~/Documents/src/projects/ada-mastery/dungeon_walk,src/dungeon_maps.ads; src/dungeon_maps.adb; src/dungeon_player.ads; src/dungeon_player.adb; src/dungeon_renderer.ads; src/dungeon_renderer.adb; src/dungeon_walk.adb
132,ADA-DW-22-06,22,Refactor the Working Program into Introductory Packages,Checkpoint,22.6 — Demonstrate and Explain the Checkpoint,"package specifications, package bodies, encapsulation, and dependency boundaries","Build and demonstrate milestone 22. Then explain, without reading the source line by line, how package specifications, package bodies, encapsulation, and dependency boundaries makes the new behavior work.","The refactored project behaves identically, and dungeon_walk.adb becomes a short orchestration procedure.",~/Documents/src/projects/ada-mastery/dungeon_walk,src/dungeon_maps.ads; src/dungeon_maps.adb; src/dungeon_player.ads; src/dungeon_player.adb; src/dungeon_renderer.ads; src/dungeon_renderer.adb; src/dungeon_walk.adb
